,Equal Accuracy,Equal False Discovery,Equal False Negative,Equal Demographic Parity
0,0.1000873942514448,0.010876785756746925,0.8448408652472054,0.0441949547446031
1,0.6389636636568133,0.02199969857520257,0.0643879429430376,0.2746486948249465
2,0.14213084431123116,0.003806211700125177,0.028529008679953376,0.8255339353086903
3,0.5138493041727413,0.03159364382145964,0.3237830011357866,0.13077405087001234
4,0.22194149783763545,0.02220716082443724,0.5892705960940995,0.16658074524382785
5,0.37188476103733037,0.011362482535863982,0.39545191645785066,0.22130083996895505
6,0.2416518696400553,0.06767248555590602,0.1817461693501471,0.5089294754538916
7,0.4850142123270618,0.038765576399750104,0.3365299823012283,0.13969022897195976
8,0.6929390149714507,0.07208072429292378,0.12420359308558282,0.11077666765004286
9,0.4494932077598223,0.16987631327214653,0.24300459166411745,0.13762588730391373
10,0.4089390947702536,0.3067340276496066,0.21826642821230333,0.06606044936783664
11,0.6486369362182391,0.08117123166152551,0.16877259001778902,0.10141924210244628
12,0.2718767988084131,0.568582053602246,0.14663346404009253,0.012907683549248556
13,0.11376121091359154,0.006006456305442346,0.7627277189079742,0.11750461387299184
14,0.34176958241032707,0.1526509240586038,0.27273208652009356,0.23284740701097553
15,0.46238976583455305,0.09245973971918513,0.2454732231064882,0.19967727133977362
16,0.201615419056959,0.09063466012413247,0.636493783104072,0.07125613771483656
17,0.17452977383821233,0.7685328285472208,0.030972295077736245,0.025965102536830553
18,0.5599789630281707,0.037809483286926196,0.08213497127775372,0.3200765824071494
19,0.5098344290688096,0.06653492726997855,0.33073142576045667,0.09289921790075505
20,0.5235789891173999,0.08331867289436536,0.24790148234906328,0.1452008556391715
21,0.23008871227974287,0.07782935828412921,0.6468945469957299,0.045187382440397994
22,0.5230815019995915,0.05654622132244624,0.19824311238989822,0.22212916428806417
23,0.17439068606904837,0.06553917453812363,0.6711902740109564,0.08887986538187159
24,0.4169003226420351,0.002778154652523536,0.14600434380319496,0.43431717890224636
25,0.8076338495082593,0.02257226833048326,0.05416002214411526,0.11563386001714211
26,0.3260699970800346,0.11813281409478932,0.28997340323521553,0.2658237855899605
27,0.42331628590985665,0.02895034779157856,0.276759582553816,0.27097378374474884
28,0.7302672626754277,0.0896829923648986,0.12037261731477093,0.0596771276449027
29,0.0692421742222887,0.9065922291351142,0.0122940904948773,0.011871506147719752
30,0.24822599323257538,0.5957479777019696,0.11189693096809805,0.04412909809735684
31,0.4806952581331975,0.009643929605564967,0.10451154516829653,0.40514926709294097
32,0.447421122492037,0.06268223080895048,0.33078895013895254,0.15910769656006002
33,0.45341115814554256,0.06704912162512587,0.10066346312326487,0.3788762571060667
34,0.09416346935730452,0.006183103359918551,0.8752606732259977,0.024392754056779258
35,0.2602075136804081,0.010880503738386478,0.0715746763904989,0.6573373061907064
36,0.648564078821917,0.0651940892780893,0.15130212669875417,0.13493970520123955
37,0.8264860066468079,0.054258934570224564,0.08245383214960296,0.036801226633364506
38,0.6227191676109995,0.030145140651019198,0.11864224133172385,0.22849345040625754
39,0.6153560145494531,0.09678711535799116,0.1285797139189309,0.15927715617362484
40,0.5832857531090779,0.09302490566083477,0.2639795053542651,0.05970983587582233
41,0.8333916685670845,0.021931307816985563,0.0755240648564721,0.06915295875945787
42,0.8951149678308818,0.07899918821815999,0.01562108736240433,0.010264756588553707
43,0.16995543126509918,0.017123943491022975,0.058941775523342066,0.7539788497205357
44,0.252478175998573,0.06851682297231551,0.43809814505427336,0.24090685597483813
45,0.33545996479465917,0.10800381491870789,0.45273113011799193,0.10380509016864092
46,0.27003377835674175,0.039190532222841426,0.3989014158528138,0.291874273567603
47,0.3879396579655991,0.45580936199648125,0.05715382760085953,0.09909715243706003
48,0.05222753856798823,0.02072284747885375,0.8559629941097656,0.07108661984339222
49,0.3973920341784123,0.014203795300657025,0.06345440031952417,0.5249497702014065
50,0.18799959870407607,0.00583919362042416,0.046139350742902145,0.7600218569325976
51,0.3877998298877676,0.12803652294925827,0.37857722405292976,0.10558642311004432
52,0.725468163828911,0.08783167568809143,0.06542486223987738,0.12127529824312026
53,0.7123863822345858,0.084892018134688,0.09665037480926762,0.10607122482145859
54,0.044404231858394615,0.011434107499369286,0.9165953179213927,0.02756634272084328
55,0.3538437308447066,0.03926744357594989,0.2942168207196565,0.3126720048596869
56,0.4800760796938465,0.07936280817031786,0.23027622987161434,0.2102848822642212
57,0.5737733741879312,0.07051366886676007,0.24727125452709758,0.10844170241821117
58,0.28862869062537955,0.030357887186124116,0.3563470020088892,0.3246664201796072
59,0.44385584707300746,0.08928138647875272,0.3718833714767556,0.0949793949714842
60,0.14671561268473118,0.0027666941553743988,0.273219297646473,0.5772983955134214
61,0.14598680555020316,0.017730292606374765,0.13865864247041557,0.6976242593730064
62,0.9345411094867174,0.015611839774320548,0.02303346291818615,0.026813587820775843
63,0.7876551148872417,0.08255390840222544,0.0394304941208838,0.0903604825896491
64,0.6326908836026313,0.018140554764558905,0.11551887735895064,0.23364968427385932
65,0.5892479224926516,0.18050236341040113,0.11409810429030454,0.11615160980664277
66,0.30714400284401594,0.061311511064086784,0.5877620853862927,0.04378240070560463
67,0.18458518438345045,0.05552218347826507,0.7095746608055298,0.05031797133275474
68,0.5995230310789146,0.13993506522377233,0.11161534855709812,0.14892655514021494
69,0.4202553742811625,0.03611368401555428,0.44278937534624746,0.10084156635703583
70,0.6548074277233421,0.09472479096713242,0.10490657322281305,0.14556120808671238
71,0.6361789310171867,0.13504449686324177,0.11975564522972898,0.10902092688984251
72,0.47707673422145436,0.06117763020776777,0.31476754488368686,0.14697809068709106
73,0.6077415596471142,0.3047667962139436,0.03889371444039118,0.04859792969855097
74,0.46859459544510396,0.26371520534355336,0.09946240779607188,0.16822779141527083
75,0.2690387671650224,0.014088838990403536,0.09389536945487643,0.6229770243896976
76,0.46039853650226753,0.40156040255698855,0.03712634966690978,0.10091471127383428
77,0.8346340658927447,0.029371168353821864,0.05556707997713612,0.08042768577629733
78,0.6710808120108029,0.1898754765989989,0.08234232160729645,0.05670138978290169
79,0.2726500351846054,0.004118313633719419,0.15431497269299874,0.5689166784886763
80,0.5932281524436911,0.051897889467884296,0.10338098029020373,0.2514929777982208
81,0.5648948929431344,0.020743401189111912,0.05046352860877845,0.3638981772589751
82,0.23037313368205098,0.01416050747523709,0.1622096830396155,0.5932566758030965
83,0.6921535039883897,0.07914178325173896,0.08557145472184463,0.14313325803802668
84,0.13326492436270537,0.004651066416898914,0.43491188704836437,0.42717212217203143
85,0.8315745818989957,0.03153075753194665,0.047637684919354724,0.08925697564970297
86,0.24609726419917322,0.018250309269587494,0.5722902914254406,0.1633621351057987
87,0.4278569622986609,0.022164067776035048,0.10071265856989425,0.4492663113554098
88,0.423958991936449,0.012328044158059713,0.18560480522753228,0.3781081586779589
89,0.7623251969015029,0.03894743846662284,0.11006515548569924,0.08866220914617516
90,0.4213297274043745,0.12133191221464983,0.3962869021051054,0.061051458275870205
91,0.8309851543903121,0.05660213803480607,0.0465940152456732,0.06581869232920869
92,0.6194074296912965,0.028057000278047355,0.05290266305113393,0.2996329069795222
93,0.6257931729345453,0.12309586685764093,0.15131694249938665,0.09979401770842702
94,0.6031370165076362,0.137924843443917,0.16259763995845578,0.09634050008999091
95,0.5727539788405628,0.16519114212067318,0.1848523152624374,0.07720256377632669
96,0.07519707740014381,0.001745611838339314,0.128988279492682,0.794069031268835
97,0.18575933287622487,0.019014344061474443,0.7532807012564108,0.0419456218058899
98,0.2121393640399645,0.014996605716358205,0.6472891887065397,0.12557484153713758
99,0.5056212752776451,0.05922491568419655,0.3164575170263354,0.11869629201182308
100,0.669903586391316,0.11386413176928305,0.13382960324692564,0.08240267859247519
101,0.4318692000310831,0.027097757918494184,0.08923127584983674,0.451801766200586
102,0.5645987710430406,0.08850213613221061,0.18340264687646188,0.16349644594828702
103,0.35131188968907334,0.5196189236281283,0.03319111019762872,0.09587807648516948
104,0.5799031965413415,0.3094088244242899,0.035667957375333625,0.07502002165903494
105,0.455095171935983,0.08190180324558623,0.3309236263633861,0.1320793984550447
106,0.23962814703598656,0.08555314789826453,0.5753739562697624,0.09944474879598661
107,0.558398104991677,0.12084046793612235,0.20316942753427125,0.1175919995379294
108,0.5581555849936823,0.11492786897471255,0.2862827983738482,0.04063374765775703
109,0.8405408330142273,0.01592260099111302,0.06682935660583017,0.07670720938882944
110,0.009295045969333057,0.9878969471970892,0.0010440543600611747,0.0017639524735164607
111,0.7185136596665249,0.08848503345896373,0.13402719729035228,0.0589741095841592
112,0.5574829371366361,0.03595112483610315,0.06863828906737383,0.33792764895988703
113,0.1629576885950776,0.005210914284565758,0.11712969763863741,0.7147016994817192
114,0.6971927706324575,0.14728534324028947,0.07348860800126843,0.08203327812598454
115,0.4625739402761632,0.2803740541358918,0.18457165037254106,0.07248035521540383
116,0.38739091941469506,0.0714372737181675,0.4357867937987397,0.10538501306839773
117,0.28869488770386126,0.018088839292999544,0.4643090324851323,0.22890724051800684
118,0.09431005149574634,0.0043970779914593175,0.15394967252752942,0.7473431979852648
119,0.18822550320969975,0.00811362453684767,0.16254819704655793,0.6411126752068946
120,0.3034456300125621,0.10475838224225581,0.4849014513234558,0.1068945364217263
121,0.5292417663538908,0.04884763472347499,0.332042480861328,0.08986811806130623
122,0.7022932092289937,0.011812115336685162,0.10970650056652623,0.17618817486779484
123,0.7714385621560294,0.053656018909754674,0.08093089299711018,0.09397452593710572
124,0.3690300037636375,0.5735526942374835,0.02900090634186952,0.02841639565700956
125,0.24271857017167983,0.028078633733968874,0.6977599313297894,0.03144286476456192
126,0.17447162540452402,0.005712482398180357,0.0527192867643756,0.76709660543292
127,0.5486995083438465,0.08038401543244757,0.26959270074866026,0.10132377547504555
128,0.5294561303218435,0.03137551350156521,0.1256400706436593,0.31352828553293205
129,0.3294275236831186,0.04256087077645246,0.48577963465631063,0.14223197088411815
130,0.41667968670628147,0.06395845366774255,0.4581877024352076,0.06117415719076846
131,0.7547985936710735,0.07254202335758053,0.09085510622359633,0.0818042767477497
132,0.41933938080383176,0.05743910996737363,0.2282209887573991,0.2950005204713955
133,0.635389088128196,0.23236084225252654,0.06301453217618172,0.0692355374430958
134,0.3531580246548071,0.013721832917950314,0.3592571615829745,0.2738629808442681
135,0.8143746772780439,0.02808589088226806,0.07876840534057956,0.07877102649910844
136,0.05966401814385793,0.9203233853235266,0.004619293569068848,0.01539330296354667
137,0.6503916343782261,0.07939456651598352,0.19555106655828877,0.07466273254750165
138,0.13951809363757162,0.041780067155389705,0.7357954482594199,0.08290639094761884
139,0.5971760455607272,0.1543565500806717,0.17770901240834544,0.07075839195025575
140,0.8148426679694108,0.059733819646147907,0.06661814590813511,0.058805366476306214
141,0.45373195084099377,0.03255868327248084,0.15000396958729534,0.3637053962992301
142,0.49169690173283565,0.01652186397021052,0.20277897084515464,0.2890022634517991
143,0.15346449414256444,0.009507264239586513,0.6213538893662984,0.21567435225155068
144,0.5647087863479905,0.0921284120447478,0.2637624913777537,0.07940031022950805
145,0.5715212281450893,0.16374137469457176,0.14696847681312447,0.11776892034721437
146,0.5899667733293749,0.08045453126129869,0.24017034056434225,0.08940835484498416
147,0.231262716519686,0.041610205657480935,0.42370158485825465,0.30342549296457844
148,0.03372749895395771,0.007184682631800528,0.9344221462307455,0.024665672183496256
149,0.6341460204612982,0.04942166238871645,0.10264151557709938,0.21379080157288607
150,0.565868364717103,0.24127365200131773,0.10913247850223143,0.0837255047793478
151,0.5318498090301739,0.04425087158949211,0.32865638094229677,0.09524293843803731
152,0.18296215722305847,0.02688322568411517,0.6956306647843337,0.09452395230849281
153,0.6266687098682514,0.07450026689298442,0.0649420587235212,0.23388896451524294
154,0.21977292578646448,0.0257667946850903,0.7017808398016836,0.05267943972676156
155,0.5511166030635491,0.24165267884478972,0.12018289893945303,0.08704781915220793
156,0.2640322452424396,0.679455823250358,0.037304450670617544,0.019207480836584793
157,0.38032736287971763,0.018902224072533908,0.454708160549719,0.14606225249802943
158,0.4083948116296713,0.01406176206348732,0.2206587065190143,0.35688471978782715
159,0.11804682205055333,0.006890370494982249,0.8243598769974381,0.05070293045702641
160,0.4700020408421615,0.27588726912621553,0.171882509056427,0.08222818097519607
161,0.45508315028587637,0.06713699514270982,0.3233341121649211,0.15444574240649275
162,0.434600379686567,0.022380164823439526,0.36688799139658695,0.1761314640934065
163,0.7813401144458055,0.03451704150235684,0.13105071920582037,0.05309212484601713
164,0.26830446275604064,0.6117252659020184,0.06970069088683213,0.05026958045510891
165,0.6330183070006024,0.15856765161234765,0.13630368299700335,0.07211035839004672
166,0.7380963379327601,0.0446949717984226,0.05436724167569348,0.1628414485931238
167,0.40803750994414845,0.06541805989828313,0.14006503048651467,0.3864793996710538
168,0.2085442339449012,0.011635392022673604,0.5972773653478513,0.1825430086845739
169,0.051234559674947826,0.9295969190203376,0.006504398651300094,0.012664122653414524
170,0.3882823914768561,0.03462051195104632,0.45782651529249674,0.11927058127960087
171,0.49421054178832735,0.04733923352158123,0.15427968185979035,0.3041705428303011
172,0.387685594090798,0.021068605589947862,0.4227064219594753,0.16853937835977884
173,0.34078170190647084,0.06489547934683884,0.5333346162632202,0.06098820248347009
174,0.1953566998119147,0.003658901791192894,0.09835962264389546,0.7026247757529969
175,0.6634572124037934,0.06492774608398805,0.12597847679683574,0.14563656471538264
176,0.3986215996195023,0.04265852058154716,0.060756592118123065,0.4979632876808275
177,0.4090815704903178,0.03666005608978881,0.3448635189321673,0.20939485448772605
178,0.5194542090526466,0.030756581125078817,0.05402929025722005,0.3957599195650545
179,0.47603347373917193,0.03638933609469824,0.13868583446259705,0.3488913557035328
180,0.6057892880691328,0.07897770252592458,0.0934189277696862,0.22181408163525645
181,0.6043782318859634,0.034938325833873095,0.1049467276183478,0.25573671466181574
182,0.15668982423161754,0.794537841084755,0.03316053848078275,0.01561179620284479
183,0.7480634110220196,0.10315972140433252,0.09124983743418365,0.05752703013946438
184,0.01579509023031276,0.9786431547742729,0.0023515700259526774,0.003210184969461657
185,0.0717583335211408,0.9043519019817237,0.02006303305302072,0.0038267314441145566
186,0.8413037051859166,0.023650995487490716,0.07695729771810077,0.058088001608491945
187,0.5047291953017123,0.0243377810073985,0.29620493043900054,0.17472809325188854
188,0.35883787725781524,0.042336668478129766,0.36433928351155187,0.23448617075250308
189,0.4972487970105433,0.3811156464005671,0.045721424519340206,0.07591413206954944
190,0.05136410221192608,0.9325182460652829,0.0051158230488050176,0.011001828673985949
191,0.47178066551206427,0.07268718507389811,0.24543003866437288,0.21010211074966492
192,0.6987803777461474,0.06481924698111366,0.08476499462367375,0.1516353806490651
193,0.6521025899857288,0.12147752116115056,0.12422141950963815,0.10219846934348241
194,0.2939364503218343,0.03259454791348885,0.6251053197649793,0.048363681999697594
195,0.6470027915347937,0.040088237289886405,0.15241876061063322,0.16049021056468685
196,0.11513954204031564,0.0014393128725693843,0.0336041393042418,0.8498170057828732
197,0.6846251985884654,0.07664391767864612,0.16695134383899674,0.07177953989389173
198,0.4955679715328572,0.08260605885046308,0.15478801100959225,0.2670379586070874
199,0.2704569025752376,0.6807877231095841,0.0296938372429657,0.019061537072212524
200,0.3356539539395568,0.4897740685457552,0.08578850331474903,0.08878347419993873
201,0.1614978107611015,0.005874484886906179,0.40401004495006254,0.42861765940192975
202,0.7935365674060926,0.061071785215303466,0.10633667569485764,0.03905497168374646
203,0.28510224200663886,0.020545571675343575,0.1325435330329547,0.5618086532850629
204,0.12608211688569643,0.8318431577887327,0.018455725421891594,0.023618999903679234
205,0.5565377783290402,0.06470492736974634,0.1589956194624799,0.21976167483873363
206,0.8617250388395982,0.026319190901385313,0.011647671354548588,0.10030809890446776
207,0.18534577483656925,0.01160140142785086,0.1286046714512358,0.6744481522843442
208,0.33287384708891254,0.0575763309399041,0.5127908287433832,0.09675899322780007
209,0.5252166996799338,0.03172274269435249,0.24154525868318366,0.20151529894253004
210,0.6882354588607018,0.005507911936367471,0.1490821507153786,0.15717447848755214
211,0.05317575153642408,0.0016581234280773057,0.6967883385856033,0.24837778644989525
212,0.48792376660516507,0.020419106155938657,0.11405025360454872,0.3776068736343477
213,0.23444079044935218,0.017013706552983395,0.6736417510966721,0.07490375190099223
214,0.4964384832445443,0.022294234544928453,0.30940221573819526,0.17186506647233185
215,0.38951269202421573,0.5433485142995557,0.021897733925640983,0.045241059750587655
216,0.537319778682971,0.1275841054236639,0.1526757360825163,0.1824203798108489
217,0.10319398149359778,0.8376203600694533,0.051540795112026014,0.007644863324922824
218,0.5467064279250131,0.03740584997935893,0.2308453876174265,0.18504233447820143
219,0.6107381597762506,0.12506658951210778,0.19550693327774712,0.06868831743389466
220,0.8408639721627023,0.07406821830264922,0.05347432096509477,0.03159348856955372
221,0.39417421149888654,0.039911924460383594,0.09476115158426743,0.47115271245646256
222,0.38907574034306247,0.03721943140905069,0.21249662273123535,0.3612082055166515
223,0.5212954775808119,0.24512387654791704,0.1650064875142742,0.06857415835699687
224,0.6522787800016685,0.19982010027377695,0.11796323446754235,0.02993788525701216
225,0.7264808016058413,0.07500109487844843,0.11030678240628468,0.08821132110942567
226,0.6899083325535451,0.1126796156324502,0.11214330101378683,0.08526875080021774
227,0.43558687491436077,0.019114076474310862,0.2735762295680892,0.27172281904323914
228,0.33352491314598065,0.491640940002712,0.05534356904227499,0.11949057780903227
229,0.7644749086620208,0.07722703069591651,0.0722864223314115,0.08601163831065115
230,0.6066242785744066,0.15378803586694922,0.09601893126229456,0.14356875429634963
231,0.156115034812576,0.004764071048812267,0.7050518067366207,0.1340690874019912
232,0.6592589194402213,0.05026880341785122,0.09583607935727706,0.19463619778465044
233,0.8488432715941951,0.0532557431851384,0.03382872734037518,0.06407225788029121
234,0.18926255522142052,0.046672968805411316,0.49523047730530306,0.26883399866786517
235,0.634601619737406,0.03540897520926164,0.05972415477882464,0.2702652502745077
236,0.48513026951842597,0.03075321462626985,0.21760672392247793,0.2665097919328262
237,0.25410818483851033,0.0034012417697088177,0.06765566691830187,0.6748349064734791
238,0.46150670554197937,0.07445565549141477,0.11432276053209364,0.3497148784345124
239,0.49521974675931113,0.2907342475724862,0.10103518485751517,0.11301082081068747
240,0.5905993477527313,0.3225156697347142,0.04263566986844169,0.04424931264411289
241,0.20556644459096826,0.7303606923666975,0.04521104085662658,0.018861822185707717
242,0.2954461720433177,0.02850706594844281,0.4447961365155601,0.23125062549267947
243,0.21115149573087244,0.6891972747807764,0.07161392300944983,0.028037306478901288
244,0.48661663520241594,0.12622201427540636,0.3110062178724191,0.07615513264975864
245,0.25462783261744626,0.03889156809951697,0.12485424236298125,0.5816263569200556
246,0.5302427305293171,0.14072573415139325,0.16344336353330713,0.16558817178598242
247,0.5509590457200072,0.0729139217574196,0.22346698017290192,0.1526600523496713
248,0.4164974104326709,0.018713789179035017,0.09783117846169072,0.4669576219266033
249,0.16928175928239284,0.006324447190826522,0.6421739016864524,0.18221989184032836
250,0.242144181434553,0.016404555626149214,0.6027213213944396,0.13872994154485813
251,0.7704394826788419,0.04307539912606749,0.07955684607581952,0.10692827211927107
252,0.7327893487454072,0.10172117490279585,0.05267814817705468,0.1128113281747422
253,0.8598624530185656,0.03325940139430224,0.05932021721626933,0.047557928370862916
254,0.25626320608132475,0.03716546387012745,0.42279667866559584,0.28377465138295194
255,0.4037433591522398,0.555391169331487,0.026352462575190347,0.014513008941082765
256,0.32074143929431737,0.08350492635528194,0.44588502000044944,0.14986861434995133
257,0.6486583415130428,0.1032844720704437,0.17904263961617922,0.06901454680033432
258,0.31844192701704116,0.04537501185263193,0.5139918954983979,0.12219116563192906
259,0.5308900969311086,0.03313271205292683,0.1097371372527961,0.3262400537631686
260,0.2495996374986065,0.012698682908787716,0.18028167250198146,0.5574200070906243
261,0.15418616101729513,0.015851965019539463,0.6961574727821427,0.13380440118102277
262,0.02214823459595217,0.008624147344698798,0.9548654057863869,0.014362212272962098
263,0.3828729979534371,0.024502115964611628,0.4163889349452892,0.17623595113666224
264,0.5861486766265345,0.08583581888005357,0.2530901183440111,0.07492538614940093
265,0.27813393315151924,0.02430872842477092,0.5498232354728873,0.1477341029508227
266,0.12652746065971388,0.0072044081810805505,0.06260252455864922,0.8036656066005562
267,0.4788800822940445,0.05682778711677065,0.3479890217261865,0.11630310886299829
268,0.6800665331607334,0.030589567807524264,0.048923796869475844,0.24042010216226645
269,0.5068057608533972,0.30885710672983996,0.07322819842433656,0.11110893399242636
270,0.10832564904221303,0.0007371373637845002,0.10139744318609721,0.7895397704079052
271,0.2359229442612699,0.6427514912031707,0.04973562651422935,0.07158993802133005
272,0.4581717893026919,0.0667127764513905,0.18000335957968971,0.29511207466622796
273,0.6758096039656465,0.163454216744253,0.07159778787508154,0.08913839141501884
274,0.5203406212442067,0.08863060760223182,0.13887189730944938,0.2521568738441123
275,0.6911875961907629,0.021359523381156514,0.052212090399095155,0.23524079002898543
276,0.29630835518351967,0.6387114551697564,0.0551009522615549,0.009879237385168979
277,0.8662627913328788,0.050808327372855205,0.04094518162080378,0.0419836996734622
278,0.528125454288862,0.14081521599676114,0.21722124243057106,0.11383808728380586
279,0.6605400776567547,0.069546043008857,0.134168804364525,0.13574507496986327
280,0.19287463079298758,0.6916266077058747,0.052693751609515796,0.06280500989162208
281,0.4089010873562259,0.2025862222948249,0.18045372558482556,0.20805896476412358
282,0.5716396757363373,0.08178440819701284,0.20948300468701225,0.13709291137963767
283,0.3430319969211914,0.5418797703039389,0.05768323341902012,0.05740499935584973
284,0.6075014508539268,0.033541415516056765,0.0879421400242526,0.2710149936057637
285,0.56165153686189,0.05424662077980292,0.1786092776150676,0.20549256474323963
286,0.39083871040122,0.004734404202701323,0.09822978914193427,0.5061970962541444
287,0.5362912429054121,0.051864830977801375,0.30056004415965554,0.11128388195713103
288,0.9369951463610666,0.020476966465825055,0.017875635157214576,0.024652252015893474
289,0.2847028095607036,0.01793262339733512,0.5526239130510044,0.14474065399095698
290,0.4190992644846633,0.026219159928060457,0.14579261930268533,0.4088889562845909
291,0.47332311722843595,0.07515507646343576,0.17025317871776174,0.2812686275903665
292,0.7643621008319799,0.04972738653112884,0.10268225695809091,0.08322825567880036
293,0.49816920731083014,0.06939203869614913,0.3543308296142757,0.07810792437874503
294,0.1732648433571608,0.027585281005025525,0.6234361662895032,0.17571370934831052
295,0.06194480840932445,0.9235448391834613,0.006627882933934807,0.007882469473279528
296,0.4540246728469621,0.19953348200338158,0.23731146512272117,0.1091303800269352
297,0.6770783328194893,0.2551771124788604,0.04242563156798653,0.02531892313366373
298,0.7486405930907764,0.03482249177242438,0.13128703329081592,0.08524988184598332
299,0.4768288144472938,0.1793093439442723,0.20460731559229217,0.1392545260161417
300,0.5116888278641741,0.13181360322009597,0.2534450137589226,0.10305255515680732
301,0.29279384992508634,0.18875622816001786,0.4023025674776208,0.11614735443727511
302,0.33200724188309494,0.02943070042821939,0.20539987305477866,0.433162184633907
303,0.34731945777568746,0.003576089779066267,0.5325248335615879,0.11657961888365839
304,0.5041561315795161,0.0060348934478074885,0.2085471935438046,0.28126178142887165
305,0.5827413920567247,0.02470680488771409,0.1330030451469271,0.259548757908634
306,0.5138409289672318,0.006872725757876862,0.21156398296380666,0.2677223623110848
307,0.7553857663174056,0.10951665290477482,0.08226971954427972,0.05282786123353987
308,0.606307236253752,0.21679445468321396,0.07319543633567126,0.10370287272736267
309,0.42193532768106723,0.029031617627842402,0.3437860640695055,0.20524699062158483
310,0.8312922452956794,0.04760274732240118,0.07163945480151147,0.049465552580408
311,0.392015881459759,0.0434080652087072,0.35461290320940686,0.20996315012212682
312,0.6904799195329074,0.03227088802471933,0.11228519947806659,0.16496399296430667
313,0.4531958654749372,0.01964455596002221,0.0709722537894379,0.4561873247756028
314,0.08547450101180586,0.8917872701824141,0.009161209655686196,0.013577019150093909
315,0.3333911610796943,0.46371452842903194,0.07859268690941273,0.12430162358186105
316,0.5444651895495087,0.334548356503409,0.0567047940907639,0.06428165985631834
317,0.10155647527090715,0.8486419769293745,0.03041033121073187,0.01939121658898643
318,0.5980687168116186,0.09945294206013425,0.2068146818209538,0.09566365930729323
319,0.8477169556956669,0.06507730020732536,0.040679590032792735,0.04652615406421491
320,0.6565134120145963,0.11713125219407045,0.18704475933478312,0.03931057645655007
321,0.26533620066084984,0.008503460838019325,0.679160348482225,0.046999990018905896
322,0.32647147424379486,0.08066881630275669,0.38455816957420397,0.20830153987924435
323,0.4176296047409995,0.07027820839797487,0.3948438899174174,0.11724829694360826
324,0.4026605577063251,0.22013425615422144,0.2640578246046022,0.11314736153485135
325,0.5587236650457533,0.007660019934618975,0.19792144015940483,0.2356948748602228
326,0.054662208485386096,0.9269595503942575,0.008834875036790407,0.009543366083566058
327,0.6528735645385702,0.08824071006148383,0.152548108489472,0.10633761691047407
328,0.8949546563615939,0.01888094391523216,0.027579669871044682,0.05858472985212929
329,0.285896930627358,0.5960203746384156,0.0672281785307197,0.0508545162035066
330,0.6278998129516112,0.11200832019642723,0.14737104099128706,0.11272082586067451
331,0.10876361018236096,0.00289665524107413,0.05103756804558333,0.8373021665309817
332,0.4083634246786674,0.00922813646057958,0.0651549863349183,0.5172534525258348
333,0.8236827827278863,0.038610020809938445,0.06872935276992152,0.0689778436922537
334,0.49976120023542125,0.11343983434190415,0.20183103861870336,0.18496792680397142
335,0.15136466871221033,0.8067721015673205,0.02687660405782601,0.014986625662643208
336,0.3045202968346512,0.042479235210290456,0.41429242574351355,0.2387080422115447
337,0.6239886318226348,0.14234234798202686,0.16557161638799694,0.06809740380734151
338,0.48611454545019533,0.11709953738823356,0.1696956848685993,0.2270902322929718
339,0.002596318316810151,0.996725997784263,0.0002448580983697803,0.00043282580055716935
340,0.8501692812598336,0.031128454414914925,0.0568561546244913,0.061846109700760266
341,0.4859067764302048,0.27436028768610415,0.12095609926716851,0.11877683661652258
342,0.17074798375728573,0.005774594051938246,0.743737564301803,0.07973985788897305
343,0.25641660037009323,0.009223780901004338,0.5520442422275742,0.18231537650132842
344,0.16252151778812532,0.8125904070433532,0.011110491673857126,0.01377758349466431
345,0.3253565215978708,0.034501949947214505,0.5490704019705122,0.09107112648440256
346,0.6012614339226996,0.1003593333549695,0.16411895765866819,0.13426027506366264
347,0.6092818484728093,0.015695113047929136,0.04248725593007864,0.3325357825491829
348,0.3875636803332043,0.459243136901886,0.1013385312140816,0.05185465155082794
349,0.6324230601357775,0.10069745834400595,0.16478177824755066,0.10209770327266593
350,0.371864678084991,0.03658331890286582,0.48426935792071274,0.10728264509143033
351,0.34052816948478626,0.021502686785815434,0.42074291882669673,0.2172262249027016
352,0.5343191509213606,0.10899532707280606,0.23537935148309,0.12130617052274335
353,0.4991506709397662,0.38072967397724344,0.07199525569378941,0.048124399389200934
354,0.054112860544303136,0.002638134054188287,0.9130654368878484,0.030183568513660327
355,0.7932924569737752,0.061735378749777976,0.08668182237145654,0.058290341904990446
356,0.11099698176860545,0.02561845302304265,0.8031374850978276,0.06024708011052444
357,0.766093305478327,0.08651990984362964,0.05292522738589274,0.09446155729215051
358,0.1562882910727572,0.07186323754537019,0.6357399020265924,0.1361085693552802
359,0.35150062145082844,0.027533455185171574,0.4474916964039898,0.17347422696001022
360,0.24099381172887152,0.004559847090364258,0.2623709497706374,0.4920753914101268
361,0.35235444068909844,0.009037590447732082,0.025883511143973217,0.6127244577191963
362,0.28137056505507646,0.5800093872081467,0.07603241889578018,0.06258762884099678
363,0.8987826838678529,0.012719377770744248,0.0348965060328243,0.053601432328578606
364,0.314276725227155,0.15064778357284317,0.3900296143874331,0.14504587681256864
365,0.23685644246363874,0.03565045768283666,0.07811281493802465,0.6493802849154998
366,0.4192585589349086,0.014610889840248713,0.4861463125675747,0.07998423865726799
367,0.039401305562825166,0.9558112656533257,0.004162001848350279,0.0006254269354988465
368,0.41644563133223944,0.027721922328391435,0.382576418218505,0.17325602812086416
369,0.232566500330533,0.6893443981361896,0.027555173421768806,0.05053392811150847
370,0.4146759899089333,0.06667742468246687,0.34732608023908057,0.17132050516951944
371,0.08721116339127892,0.0024881369309933754,0.02453696406872973,0.885763735608998
372,0.5529089368441431,0.2604359087694121,0.07451124323220852,0.11214391115423644
373,0.6128117563181663,0.0534510714110914,0.2139770528354537,0.11976011943528862
374,0.23535336315871921,0.02438344119606148,0.6620553023242193,0.07820789332099995
375,0.29904298014092984,0.015645534662038618,0.44579047831517715,0.2395210068818544
376,0.6535316822257822,0.14903219141147328,0.12206941566476584,0.07536671069797864
377,0.6653588929421663,0.07226251093879127,0.13349974135686174,0.12887885476218072
378,0.7925685041418974,0.04416480532012142,0.08577585219776032,0.07749083834022094
379,0.49567299767448336,0.0060680179046215255,0.21747884176560192,0.2807801426552931
380,0.02373378184407514,0.00014245448592537083,0.014473521714721839,0.9616502419552776
381,0.6845252873271844,0.13471357119161198,0.10689414586066255,0.07386699562054108
382,0.7455989581342081,0.06107874145181632,0.12795505562043014,0.06536724479354551
383,0.4968553720646489,0.3115459807162918,0.10720457140359273,0.08439407581546643
384,0.40950808826749174,0.007862079801172818,0.3138894078904942,0.2687404240408412
385,0.1773958443024879,0.014466207180611992,0.053522307429898316,0.7546156410870019
386,0.6499363983782944,0.12918361375973406,0.10809590300261879,0.11278408485935264
387,0.4972176706799603,0.19030154868848334,0.1827936211752729,0.12968715945628337
388,0.06410375990925862,0.004800471545607326,0.07970284683465927,0.8513929217104749
389,0.32831513925346545,0.11563529905312227,0.45475628862544265,0.10129327306796969
390,0.5774408883050944,0.01954713146345432,0.03773140317846585,0.36528057705298533
391,0.47457308037513884,0.12034462213443559,0.3076970895293725,0.09738520796105307
392,0.6204050059192242,0.09637282553807205,0.16598833289621098,0.11723383564649269
393,0.3464485524824318,0.09778827332640172,0.3888512508043416,0.16691192338682484
394,0.48220763466595956,0.14777136017774373,0.25662279073710653,0.11339821441919012
395,0.6281631438340025,0.1138307033900771,0.1561115732025666,0.10189457957335367
396,0.3751375635263657,0.012855691359350337,0.4470307692598108,0.1649759758544731
397,0.22232699992523777,0.001345657901682212,0.093614617275754,0.6827127248973259
398,0.46523519407307623,0.07896585503932142,0.30785536194036783,0.1479435889472345
399,0.5250047076236515,0.08073806255076217,0.2561922681735327,0.13806496165205367
400,0.46238112918794777,0.033997747909044376,0.06985412454927666,0.4337669983537313
401,0.3506474425206979,0.014330055619786024,0.17900975347490483,0.45601274838461126
402,0.32231757042388964,0.5072474996680927,0.05613941188854398,0.11429551801947371
403,0.25452334413800837,0.0751924844830908,0.49041823734770446,0.1798659340311964
404,0.7051319137544889,0.0945811475144488,0.14598684616399668,0.05430009256706546
405,0.66038740060923,0.06866663753330104,0.13588092598900717,0.13506503586846194
406,0.8007341083229856,0.05926289506640086,0.095515668633619,0.044487327976994465
407,0.49765719020203203,0.17421853456403946,0.25232976754241604,0.07579450769151257
408,0.6248203815896523,0.01104111691991604,0.19019559144339657,0.17394291004703516
409,0.4999336284522672,0.04619461607039234,0.2851106099889879,0.1687611454883527
410,0.3817668334607668,0.033268458321782636,0.047413264820017446,0.5375514433974331
411,0.6129359774959812,0.3446022534000106,0.018376485476851202,0.024085283627156985
412,0.03283693583462165,0.0020693358751500677,0.014848134295963383,0.9502455939942648
413,0.6063460184165764,0.08522131709197667,0.23697330377884993,0.07145936071259697
414,0.25374262416582005,0.03791171960325465,0.5529523791138696,0.15539327711705578
415,0.6645208301902266,0.16353047200842835,0.07427468835658717,0.09767400944475785
416,0.015601348532565678,0.001859042213280017,0.9726398626760365,0.0098997465781179
417,0.5090622418267032,0.30645208588913203,0.09852765370604821,0.08595801857811664
418,0.7256922526171518,0.11332154833761908,0.06431127228817322,0.09667492675705604
419,0.12033351613161629,0.02277663303656902,0.810442950224182,0.04644690060763273
420,0.6005372598253917,0.05567116272676999,0.10989823428975412,0.23389334315808427
421,0.011426869762112827,0.00014049872135736476,0.00882908074671309,0.9796035507698168
422,0.26486537931329307,0.028981665790459896,0.6211566238607679,0.08499633103547935
423,0.6187272613799455,0.030321421008363627,0.27885708609200915,0.07209423151968179
424,0.43442297623899917,0.04033368867106519,0.13117297824997384,0.3940703568399619
425,0.22717410089250684,0.019312888805962068,0.6484360497596156,0.10507696054191558
426,0.4761643236580157,0.08137965155397832,0.25502919890891834,0.1874268258790878
427,0.43289661369701854,0.45408077231808974,0.05443047466002036,0.058592139324871284
428,0.4553355743709424,0.06527733004448173,0.34579137285470923,0.13359572272986664
429,0.6689687713715514,0.04632039788358578,0.1724172391398939,0.11229359160496895
430,0.5182477050892582,0.17179596787294862,0.2260758178445926,0.08388050919320067
431,0.6929093070024768,0.03824054004152903,0.14552782740176787,0.1233223255542262
432,0.6104844427361498,0.16762219378442333,0.11573104678109429,0.10616231669833258
433,0.0894414450847067,0.000597919029749591,0.03849391768854529,0.8714667181969984
434,0.44927324458560364,0.08331788044836283,0.3685855388232601,0.0988233361427734
435,0.4391367977311137,0.21831785809765492,0.2193200614280276,0.1232252827432039
436,0.22552019171254914,0.008038839390335029,0.13279674436739924,0.6336442245297166
437,0.073375244655289,0.9038810940412,0.015128001216880502,0.007615660086630552
438,0.25016483856818217,0.06458844753368095,0.5840923165346099,0.10115439736352691
439,0.38557734863180404,0.019351910916646172,0.18270389160109718,0.41236684885045255
440,0.08411593712204889,0.0021865154116225364,0.08768544731628848,0.8260121001500401
441,0.4870878975519177,0.17990380382413917,0.2634208250420986,0.0695874735818444
442,0.3361423792209922,0.289253854530839,0.14440318707577665,0.23020057917239212
443,0.7838971427074446,0.04663904902616586,0.1035377549101267,0.06592605335626268
444,0.5054173995720964,0.06486174671271787,0.3352701550118985,0.09445069870328715
445,0.3607034847025938,0.0837833719531228,0.33639346222480004,0.2191196811194833
446,0.17218801825001367,0.749287572209722,0.050345096622745285,0.028179312917519215
447,0.39216882345224985,0.03635255714680041,0.19928391552389169,0.3721947038770581
448,0.10418943954771791,0.012594854187772222,0.8071078564310856,0.07610784983342417
449,0.2293348553841566,0.21716330522626362,0.02295298518542834,0.5305488542041515
450,0.5478015504452476,0.26961883462172953,0.11282380976857401,0.06975580516444888
451,0.15397368431102915,0.6956323575146516,0.10191337661755684,0.04848058155676235
452,0.7392078224729713,0.04709363282629308,0.08374249512739884,0.12995604957333676
453,0.6716482188059967,0.04959840993734302,0.1555578955642594,0.12319547569240079
454,0.5611683065587061,0.02418559976826134,0.32150901493792766,0.09313707873510475
455,0.2437201957763484,0.013949939578179254,0.051167506161099184,0.6911623584843731
456,0.6405061133887702,0.07801179750254635,0.06356293004455779,0.2179191590641258
457,0.6763699491942601,0.03316608420197833,0.0653436037421874,0.22512036286157416
458,0.35416741076952474,0.42305781040634516,0.12004732753004822,0.10272745129408185
459,0.03370179208293717,0.0015946121965580114,0.9190952234181166,0.04560837230238833
460,0.20614895804468358,0.7156238355563128,0.05878460027591956,0.01944260612308397
461,0.23569331999032136,0.008192677376336274,0.13289875413153024,0.6232152485018121
462,0.5317522497772553,0.10493512360212826,0.21275545987804723,0.1505571667425692
463,0.25569428090652313,0.07161866896884721,0.6180940413809637,0.054593008743666
464,0.4931876006087817,0.34152526212421846,0.10383882217143454,0.06144831509556531
465,0.3229859652388976,0.04998130631705168,0.5018891719059008,0.1251435565381499
466,0.18444333300849033,0.654800272893608,0.08127144926842601,0.07948494482947568
467,0.7026339910442209,0.06728476955399117,0.09005099326463187,0.14003024613715612
468,0.5843823726447086,0.05790153685195381,0.11880063659539578,0.23891545390794183
469,0.682953571529222,0.0991901308708334,0.09398767804430531,0.12386861955563928
470,0.4190874795405059,0.03387574744590262,0.43462094096719933,0.1124158320463921
471,0.3945378640039609,0.06662162301435087,0.16659815809746126,0.37224235488422697
472,0.13637281588693032,0.03280294980420659,0.7754640199526791,0.05536021435618407
473,0.4124792113428312,0.5418827729707362,0.026775178060631247,0.018862837625801213
474,0.5154393541777887,0.13217262318793058,0.26900700837094305,0.08338101426333759
475,0.20720047177772294,0.01590917696078906,0.6775792347189252,0.09931111654256278
476,0.18437196873547357,0.03402203454829912,0.6967908681938337,0.08481512852239351
477,0.4430784660534987,0.11500011923021529,0.26347769182738384,0.17844372288890226
478,0.06188208161247143,0.004765637551092535,0.2643442058616886,0.6690080749747475
479,0.2477817645313839,0.0074637426672199,0.08227253999974388,0.6624819528016522
480,0.032643173808128874,0.9609451098020555,0.001654409061106822,0.004757307328708897
481,0.15796928595445286,0.014426949106840854,0.7596331155568492,0.06797064938185705
482,0.19132495698492208,0.026751765268303727,0.49308461678431625,0.2888386609624578
483,0.17387807265779284,0.037441382374544536,0.6928795577323242,0.09580098723533836
484,0.16167814548064197,0.02225989740723509,0.6992678588031777,0.1167940983089453
485,0.4142361791643486,0.05478640873851601,0.08264569866249959,0.44833171343463574
486,0.27269907340604815,0.007759386052819993,0.1313414475842954,0.5882000929568364
487,0.27171928370480886,0.04793370906612283,0.06848799127129367,0.6118590159577746
488,0.3729659852226547,0.024717802712108786,0.4282093480687515,0.17410686399648506
489,0.36113108724678555,0.03372820178983667,0.11471304403621306,0.4904276669271648
490,0.28361846935318824,0.0658676959242766,0.5289700353761445,0.12154379934639054
491,0.020805476887498408,0.0008195944182890925,0.017875070274707597,0.9604998584195048
492,0.6066692808734727,0.206888341489228,0.15452772377957036,0.03191465385772901
493,0.3131134319724323,0.018113728702176285,0.4766657004219597,0.1921071389034318
494,0.35231250727337643,0.13868478288256325,0.366737503373284,0.1422652064707763
495,0.39926814085574247,0.14001650002207483,0.33454144567397687,0.12617391344820575
496,0.5080217356924357,0.15362684896671,0.1289460072475278,0.20940540809332642
497,0.49126666146986947,0.10173137074137091,0.29331020155080056,0.11369176623795912
498,0.01703305030393275,0.00020184486795633643,0.005782653341751929,0.976982451486359
499,0.22918583585863458,0.0018625379300264292,0.0761024492920975,0.6928491769192415
500,0.6625413913827675,0.02334399287303165,0.17568344359168891,0.1384311721525121
501,0.2839665541022429,0.003755366634443899,0.21324837288955606,0.499029706373757
502,0.6371486843767329,0.13178553795331896,0.08702596429897332,0.1440398133709748
503,0.13762193956205263,0.024935113772983717,0.109053488851887,0.7283894578130766
504,0.8924652955813134,0.04182342983310544,0.02458184613133804,0.04112942845424313
505,0.6854571901366476,0.10820086532916445,0.16325114436106222,0.0430908001731257
506,0.17432835612509623,0.0035000265933719096,0.05879861871042678,0.7633729985711052
507,0.1517387047720644,0.8192014095614562,0.009902883980919075,0.019157001685560417
508,0.46957254062871845,0.2847889812456156,0.1986930036971697,0.04694547442849618
509,0.1782307190869726,0.034899845316866324,0.6831996409288443,0.1036697946673167
510,0.5502539706758793,0.062361967479576765,0.10745990731899872,0.2799241545255452
511,0.6752406491515213,0.06483625035047988,0.07787928958168337,0.18204381091631547
512,0.8064025724704819,0.05458989825898074,0.06321250457971399,0.07579502469082354
513,0.21298855941105005,0.11334018296421247,0.552165730652445,0.12150552697229247
514,0.33819049600886086,0.04128313546495911,0.1534758102513611,0.46705055827481895
515,0.13774754701893793,0.0007303507751647677,0.032906959057319704,0.8286151431485776
516,0.2592958806883704,0.6769404590040836,0.039719151655293064,0.024044508652252987
517,0.7054549397551761,0.09470834090119658,0.09566097789609146,0.10417574144753582
518,0.1941669139846872,0.023759875872866293,0.6342900332223194,0.14778317692012707
519,0.2851829028849193,0.03672342344599765,0.5717645202857703,0.10632915338331264
520,0.5311386753301951,0.062106283003064526,0.2935100900347034,0.11324495163203697
521,0.7925190593467516,0.04272774191684887,0.07741996971007262,0.08733322902632691
522,0.6384303903564225,0.028829119217506877,0.14184704846950602,0.19089344195656463
523,0.2579414462648709,0.01646101372140843,0.13750599527943325,0.5880915447342874
524,0.4059972065448064,0.0582698414944363,0.3691284241605565,0.1666045278002006
525,0.31212179923117944,0.17683281087639144,0.21703097872809138,0.2940144111643378
526,0.22707463061499542,0.013106723027444396,0.08295164581812718,0.676867000539433
527,0.10086383266238749,0.0013652980274574543,0.038320723738333624,0.8594501455718214
528,0.4932990378291321,0.03429377072423819,0.15302395060930524,0.3193832408373245
529,0.14878063854941767,0.010572148641747723,0.7538426900614672,0.08680452274736729
530,0.5743066603041539,0.024318632617966924,0.08620978547751454,0.3151649216003647
531,0.3140140455327776,0.02218587694115237,0.5786738717117609,0.08512620581430902
532,0.4632150613264107,0.1055857176592301,0.3432210759106732,0.08797814510368591
533,0.2250320688795977,0.039537451548363675,0.5145451960761454,0.22088528349589326
534,0.9013409063607859,0.05300871845106941,0.029606894608546992,0.016043480579597695
535,0.8428495648550729,0.03377553069644456,0.05936824800256067,0.06400665644592186
536,0.7125713130132372,0.19097916441026513,0.04810160278119435,0.048347919795303285
537,0.32761133770255846,0.07575913778845848,0.5057799955105703,0.09084952899841268
538,0.47663702180053225,0.07910386725057478,0.14202285176984009,0.30223625917905306
539,0.6574243374677547,0.10737170429387284,0.15780691089747967,0.07739704734089287
540,0.6512292170920259,0.04511002423673436,0.15024935753753255,0.15341140113370724
541,0.6419743080170583,0.04344784718958202,0.2012418673339601,0.11333597745939934
542,0.7029485799143735,0.1365361125249807,0.1236778331433543,0.03683747441729152
543,0.316401505484626,0.00897539546088936,0.5055435558460691,0.16907954320841564
544,0.43927460586785333,0.0720693270686365,0.36671055723297563,0.12194550983053459
545,0.4889150478300265,0.018025356397290016,0.11113859200555996,0.38192100376712346
546,0.7088408083985462,0.027855642822131613,0.0703394637044863,0.19296408507483592
547,0.011124716007039953,0.0019982953498243875,0.9801571692110258,0.006719819432109861
548,0.5155559161224175,0.4461788760823499,0.014631843260899745,0.02363336453433291
549,0.8897714566342935,0.028058695297219216,0.042552396160554014,0.03961745190793333
550,0.37061004788927354,0.13413195368134273,0.412203248242486,0.08305475018689779
551,0.6413867906919511,0.12383121428463746,0.12814768318791497,0.10663431183549651
552,0.8189164227506427,0.0797610663194855,0.05030874358973108,0.051013767340140764
553,0.7665006397590147,0.024895401885300247,0.06650408273761152,0.14209987561807352
554,0.7165704767620292,0.08594445037928239,0.1292012953356637,0.06828377752302456
555,0.5168723632959745,0.015609423308735928,0.07895844520908636,0.38855976818620314
556,0.24115159328488972,0.6759417387079519,0.02732382921745261,0.05558283878970563
557,0.44839260623016186,0.04185241248305902,0.12239611724550693,0.38735886404127223
558,0.7589711588612557,0.1307437289784934,0.05729225983321938,0.05299285232703154
559,0.7062331052726603,0.10798080158083596,0.11351040383683353,0.07227568930967028
560,0.8451912558088708,0.05902996048016228,0.03781827132904821,0.057960512381918565
561,0.908224109210611,0.046639301248744366,0.025242155956004764,0.019894433584639878
562,0.04011603112905641,0.0005493932284704496,0.029006435532738073,0.9303281401097352
563,0.16179009789673915,0.7816061753920868,0.019590077879679563,0.03701364883149451
564,0.3782483866388666,0.017950775134287677,0.33962544505721265,0.2641753931696332
565,0.6184279407309201,0.155961829484718,0.1070794251536642,0.11853080463069766
566,0.1004341277198932,0.8608542363928242,0.009548022034431313,0.029163613852851454
567,0.3234639350542547,0.474241691630703,0.08434647945949389,0.11794789385554838
568,0.5902061566885298,0.25437992844271884,0.10484922135105339,0.05056469351769785
569,0.3496558206459348,0.009312865805972556,0.06186861221914556,0.5791627013289471
570,0.5890865678402692,0.02715727546118862,0.09850374815129394,0.2852524085472483
571,0.5076317734515864,0.37016895354739743,0.04727785312710864,0.07492141987390744
572,0.7978758663413009,0.06352029984443805,0.036379945128447784,0.10222388868581317
573,0.5378108188515792,0.3825903373042496,0.0582667368530429,0.021332106991128304
574,0.7641021308985794,0.12968255834432554,0.04563322496082869,0.06058208579626645
575,0.8135086772034507,0.060978242306492576,0.06906525449761981,0.056447825992436904
576,0.44944667920900405,0.3363268425311632,0.16018997725417178,0.05403650100566097
577,0.6271598138471949,0.026672804391741713,0.07197898969246487,0.27418839206859846
578,0.782647977976024,0.0955030159002574,0.04512991740872645,0.0767190887149921
579,0.4376890835517505,0.05577879130661495,0.2211027171361193,0.2854294080055152
580,0.06433024852026738,0.9196929963735007,0.004639527064880607,0.01133722804135122
581,0.05365099966009556,0.9322007817574002,0.008017348971220138,0.006130869611284184
582,0.4631629650494659,0.04200754430497447,0.3365375281400923,0.1582919625054674
583,0.7976934484082684,0.05034360673792496,0.0713888006699266,0.08057414418388016
584,0.7086190912563786,0.056469327968156326,0.09350901821245758,0.14140256256300754
585,0.2757681949706391,0.021677686950346733,0.618764053659595,0.0837900644194191
586,0.5180981928760401,0.17405128941358666,0.2531886342231569,0.05466188348721627
587,0.26612071492708855,0.015335255677189508,0.21688664491923026,0.5016573844764918
588,0.3948416144956554,0.37448592395137337,0.10889360293414858,0.1217788586188227
589,0.22255755451590584,0.007696286010061814,0.15055891431970525,0.6191872451543271
590,0.7772791832299631,0.057230275711976024,0.09011202530513833,0.07537851575292245
591,0.7393143512908641,0.06433757525405602,0.06934673574432969,0.12700133771075023
592,0.5235133255962485,0.2909763251951923,0.06015150984107345,0.12535883936748574
593,0.5478157845690458,0.0736019036019882,0.25599385785433887,0.12258845397462723
594,0.6847757575307569,0.019920680963755745,0.04627647068796928,0.24902709081751806
595,0.5976609831017667,0.08399198403635215,0.19540451181824678,0.12294252104363439
596,0.6468579845184493,0.0956963399665885,0.1272136427302357,0.13023203278472642
597,0.6568940968406333,0.09638940397455059,0.1479262280374317,0.0987902711473844
598,0.2671174033726657,0.02588310242377123,0.3530250156443936,0.3539744785591695
599,0.7601730826052288,0.16539464023707437,0.03281314497238273,0.04161913218531424
600,0.5890183383577214,0.11997133847341089,0.14018675822244725,0.15082356494642027
601,0.5294404838438083,0.009872967509064261,0.3667622601090408,0.09392428853808661
602,0.8536546426117338,0.029591701779934955,0.042976057128809544,0.07377759847952169
603,0.7561268781326572,0.09309088470219787,0.09126436230357941,0.05951787486156557
604,0.6724715178118964,0.1258553961523874,0.13874403781465508,0.06292904822106106
605,0.1407177502180987,0.0006992574539806463,0.07502642527298274,0.7835565670549379
606,0.8599116284095438,0.028605107831549122,0.05831215312130621,0.05317111063760097
607,0.518901439412068,0.021831430111248672,0.25777010994489913,0.20149702053178417
608,0.8898027887697599,0.03770352244075983,0.038707169287754896,0.033786519501725426
609,0.18657029443936538,0.7614652077886168,0.029218956636569482,0.022745541135448376
610,0.3751588100421583,0.01280302906968232,0.1685915914848626,0.4434465694032969
611,0.3119522160823244,0.007209840439173482,0.4731606640065852,0.20767727947191703
612,0.649080105315124,0.2328980718230283,0.04929172357052671,0.06873009929132101
613,0.3474315538089368,0.5919256965927093,0.034624913196702,0.026017836401651683
614,0.5858094480873308,0.04008461581018256,0.2483519004726468,0.12575403562983992
615,0.4083037336158936,0.02481794862704847,0.30808628632252155,0.25879203143453633
616,0.6242759473406703,0.04239739215421723,0.16587675644245256,0.16744990406266
617,0.6863387550605274,0.08278181229125814,0.11062240593213617,0.12025702671607824
618,0.22441163078718565,0.7423777518262344,0.009432033174254027,0.02377858421232569
619,0.7500183517123942,0.03274692814130784,0.06336409372919044,0.15387062641710764
620,0.22735174632866997,0.5861717815736727,0.12940388782681167,0.057072584270845675
621,0.5858210006822915,0.14682032577962598,0.12304663200217683,0.14431204153590577
622,0.06933130640308788,0.011983775217538718,0.8821487239908102,0.03653619438856317
623,0.21277391868708376,0.03692299547366776,0.6556167481311709,0.09468633770807765
624,0.664417612594791,0.05607975364872842,0.13923350151392877,0.14026913224255175
625,0.7360658436686373,0.032753580552876804,0.07014403395496528,0.1610365418235208
626,0.4009244600014709,0.529013856056845,0.05789258722994622,0.012169096711737798
627,0.48882716792637726,0.0773216801907342,0.2993394210528284,0.1345117308300601
628,0.571069558024748,0.0396859961392172,0.2762757910217859,0.11296865481424895
629,0.5158779518490972,0.2218895271413148,0.1448302037508119,0.117402317258776
630,0.48301283751118596,0.45264448381765904,0.027893496274169628,0.03644918239698538
631,0.4559214602387639,0.04776677053229033,0.08031631973873546,0.4159954494902103
632,0.8585273499511971,0.026115608379518932,0.029981061084951823,0.08537598058433216
633,0.5726575781011289,0.0393238918678198,0.26023146876589154,0.1277870612651597
634,0.03242408912946811,0.0026076263168419754,0.9421915918824415,0.022776692671248412
635,0.7010857278020657,0.20048804764302455,0.0800240250703,0.018402199484609628
636,0.22272297445423214,0.015400818999720338,0.6042008685503745,0.15767533799567307
637,0.31075179293737315,0.6423319706319854,0.010700039418164704,0.03621619701247663
638,0.42654071459888415,0.1032597110806571,0.3630799141019308,0.10711966021852798
639,0.17736600944041628,0.05051546622130169,0.7170252825087208,0.05509324182956137
640,0.25437840413375046,0.002397015699736943,0.21006545257599069,0.533159127590522
641,0.5661240872423144,0.28581244443461884,0.08394497749261758,0.06411849083044906
642,0.34480009648575183,0.396640701053277,0.14665540483817588,0.11190379762279526
643,0.28284966770992503,0.0189489290385109,0.43748452520057163,0.2607168780509924
644,0.19797998352971455,0.6803657609202677,0.07478905859392197,0.04686519695609591
645,0.19321076483517743,0.024537848739917996,0.64280871986665,0.13944266655825457
646,0.7556600107890835,0.0828985430254463,0.09614079808406628,0.06530064810140387
647,0.019511674191865905,0.0008797158820702357,0.0180883677122757,0.9615202422137882
648,0.24931461364238724,0.02770817809677282,0.1303524366106694,0.5926247716501706
649,0.535644168392462,0.09850418589311195,0.08658164184803044,0.27927000386639556
650,0.28965412723807826,0.026279461349155854,0.25628683900666777,0.42777957240609804
651,0.5219899017552986,0.06632123863538009,0.35218557228111363,0.0595032873282078
652,0.0647731603231098,0.005133768607370008,0.8896520556304713,0.0404410154390489
653,0.4552589648812068,0.25657978471581877,0.22206308026406912,0.06609817013890533
654,0.7151136773406436,0.08829014736336938,0.07162783253341824,0.12496834276256874
655,0.6481238619236847,0.04152967202316857,0.1270749947899788,0.1832714712631679
656,0.7836594587369239,0.049923420522609646,0.08204044739163237,0.08437667334883403
657,0.48016644404108993,0.028299589143245672,0.07986103457743575,0.41167293223822865
658,0.5492647693383514,0.126544938471411,0.21891307063678142,0.10527722155345609
659,0.5038415824868333,0.13930288388454978,0.19467873776685676,0.1621767958617601
660,0.7382624878578711,0.08288656809758164,0.0811324069298127,0.09771853711473458
661,0.9118675509548557,0.02818647623756009,0.027138992827289016,0.03280697998029509
662,0.5881373670398152,0.05179007525442148,0.1932304573270114,0.16684210037875188
663,0.5809954918962026,0.20469031103516785,0.1087830536993462,0.10553114336928335
664,0.6045861365345203,0.10441514980461872,0.1469381677506657,0.14406054591019532
665,0.4414216224358038,0.09579594586301032,0.250183766833153,0.2125986648680329
666,0.21842565090643612,0.03935880625675136,0.6277163647641062,0.11449917807270621
667,0.5170163045255668,0.07992022845938929,0.11507717728860184,0.287986289726442
668,0.6829665203345238,0.06325344396822898,0.16222313729291177,0.0915568984043355
669,0.5586098400457234,0.061974546772528644,0.21082735164595925,0.1685882615357886
670,0.46341180090395145,0.03795244827565049,0.3161400379882162,0.18249571283218172
671,0.5966417341457381,0.06735855856056444,0.12581314430939838,0.210186562984299
672,0.5374914998297116,0.09596216353855738,0.2571874115783838,0.10935892505334711
673,0.5281028287439604,0.23046268118466817,0.16675936595056998,0.07467512412080164
674,0.4623644047021208,0.08261126675275945,0.10038375626178968,0.35464057228333007
675,0.3963911875925176,0.013160770449904338,0.2661316464428192,0.3243163955147589
676,0.6571597267674557,0.061823528174165615,0.11492213088028912,0.16609461417808974
677,0.6777881254250835,0.037222130947183435,0.08974001659181617,0.1952497270359168
678,0.553754830448888,0.3402665585757417,0.059032785706630314,0.04694582526873994
679,0.2850139716676276,0.08690877299919851,0.5487316374351647,0.07934561789800915
680,0.49228154140326486,0.2566025055323049,0.13028020839331392,0.12083574467111625
681,0.2108574568029507,0.0028161456945660188,0.21967599913489746,0.5666503983675858
682,0.6935380658082829,0.18466567930105937,0.044169098231698296,0.07762715665895936
683,0.47648697198797835,0.05570354152204197,0.19593475696289087,0.27187472952708885
684,0.7994970052281664,0.07126538636818502,0.09360091885081841,0.035636689552830184
685,0.05029916811046695,0.005620294066633055,0.9095544061087617,0.03452613171413835
686,0.7972743528744891,0.0788207910111799,0.050289244642532024,0.07361561147179889
687,0.12512301815626972,0.8420304065461229,0.02736532000219715,0.005481255295410262
688,0.7662116425797557,0.1615638226008051,0.042606303054985424,0.029618231764453665
689,0.4874302985404217,0.021870036996873975,0.10863426936003333,0.3820653951026709
690,0.5115647239455192,0.15170410713563834,0.18158272045583357,0.15514844846300882
691,0.4163623249307875,0.40261149121509826,0.0832564224417548,0.09776976141235948
692,0.27403649670236363,0.026126037873839134,0.6237183987880747,0.07611906663572254
693,0.6780984771617988,0.09692853734729752,0.13564044205684309,0.0893325434340605
694,0.554070799658564,0.1921614510794795,0.10218945855333213,0.15157829070862447
695,0.4963595407147538,0.14078637145481723,0.29771675363852756,0.06513733419190132
696,0.47483188242986013,0.3928581083745282,0.012060991430785957,0.12024901776482573
697,0.6877445938193208,0.1744125703543732,0.08954373158931651,0.04829910423698933
698,0.6771156863074299,0.020196094355420326,0.07901272635126569,0.223675492985884
699,0.33861015532077,0.06288549911086845,0.39210179665328354,0.20640254891507812
700,0.5309758288083407,0.31843875505331615,0.11320751595205954,0.03737790018628349
701,0.24348565139148862,0.02093308050503084,0.09558527611406308,0.6399959919894174
702,0.33969814499911516,0.050586493395783874,0.5467061516569931,0.06300920994810769
703,0.08851759206291128,0.008659850979580575,0.8801015363647579,0.022721020592750177
704,0.27562319936628626,0.005938747781505827,0.6043495590346684,0.11408849381753956
705,0.3452425330237773,0.11345468632462939,0.39766636160385943,0.14363641904773394
706,0.5647877368793631,0.00695011219024934,0.22863523742300465,0.1996269135073829
707,0.5618812306858693,0.29569632934853995,0.07266549519021945,0.06975694477537138
708,0.28380498844600704,0.00824701322689286,0.38098085458846914,0.32696714373863095
709,0.577518019632419,0.1455437808867349,0.08732095364984555,0.1896172458310007
710,0.5442175003741657,0.13364682515032564,0.11544074282456415,0.20669493165094444
711,0.6389706994839979,0.11636320846634175,0.10866017549423714,0.13600591655542335
712,0.32440936334332293,0.02434442479905094,0.5893372338013899,0.06190897805623637
713,0.5829049639623681,0.2537599199504389,0.060852257986846105,0.10248285810034692
714,0.9194521389567701,0.021505420645818653,0.016678888390086136,0.04236355200732511
715,0.647210487081819,0.10111372558025224,0.12054589509767748,0.13112989224025115
716,0.6900210081814239,0.23872083695640994,0.06549889881893264,0.005759256043233607
717,0.6076255813009955,0.23075827199795682,0.05173109644107542,0.10988505025997232
718,0.7259025240369358,0.04090093691030155,0.10249131074178132,0.13070522831098141
719,0.13536501457074285,0.005272197340633049,0.648930898706873,0.21043188938175098
720,0.5135850470815854,0.3794240204521436,0.05491689859662104,0.05207403386965032
721,0.06160846121606268,0.014872222631055613,0.8936795036576857,0.029839812495196093
722,0.3930087765134375,0.11345520221210044,0.3066090584947099,0.1869269627797522
723,0.49165576832319624,0.2930903189379797,0.09730859554956894,0.11794531718925508
724,0.32941279883963287,0.04237342659663802,0.4782389428533286,0.14997483171040057
725,0.37011885977360964,0.014009231031531564,0.4190606605947315,0.19681124860012736
726,0.6761663747834655,0.19428555956568178,0.056753411759732676,0.07279465389111998
727,0.7037225485279351,0.0743934403742446,0.15033016881850061,0.07155384227931955
728,0.3197100726537534,0.11107527320695457,0.48593783728492845,0.08327681685436358
729,0.5638928715619981,0.028382104683183255,0.18623490274552218,0.22149012100929658
730,0.04709194394401352,0.00711042688395765,0.9167608504790633,0.029036778692965486
731,0.8041600742824616,0.06923139622699123,0.08819219059447854,0.03841633889606863
732,0.06996709562830807,0.00016061287801286565,0.0476621632987948,0.8822101281948842
733,0.7545742054815537,0.03193686505038519,0.07456695755967054,0.1389219719083905
734,0.36685393012530426,0.009986525407048159,0.4096206586982653,0.21353888576938232
735,0.7035505371810651,0.0328299431157215,0.029351631232175986,0.2342678884710374
736,0.46094596788493897,0.056005341188517944,0.07434348762803597,0.40870520329850724
737,0.4507217551367896,0.028634967795321906,0.09366130699830136,0.42698197006958716
738,0.5182509772444734,0.021522091762495595,0.14382718160000282,0.3163997493930282
739,0.5660287586209819,0.1409393871532033,0.1824174175743524,0.11061443665146231
740,0.5819174452899075,0.13718144596963697,0.19549964146762655,0.08540146727282893
741,0.6551693332102226,0.05110869608851321,0.10609648035055687,0.18762549035070727
742,0.199948601749927,0.05046100809445719,0.6757612710702341,0.07382911908538166
743,0.6969268348546923,0.1367722127139835,0.09915446841529052,0.06714648401603357
744,0.29581965222472406,0.05041964495304552,0.4993842186218537,0.15437648420037672
745,0.6727876386517606,0.11172915253859263,0.11078919478597601,0.1046940140236708
746,0.04807929933714946,0.007177444761800166,0.9215085405272263,0.02323471537382394
747,0.8453333785213414,0.0812257380454997,0.0363570469073343,0.0370838365258245
748,0.4745196248958945,0.38903986919604083,0.022342157511079288,0.11409834839698546
749,0.5806825338001521,0.3344735595956452,0.03532337299675049,0.049520533607452226
750,0.1179572258081073,0.004419871323020184,0.060243466781436064,0.8173794360874365
751,0.3692162028334272,0.01164356923585712,0.5050934196696133,0.11404680826110236
752,0.7908482533485048,0.043792339912585035,0.06237278916689227,0.10298661757201796
753,0.3657469253778213,0.15499378096637706,0.36485965199416204,0.11439964166163955
754,0.2674699813647407,0.14555040660134133,0.5213781313205388,0.06560148071337905
755,0.2868446213978204,0.0568017294675207,0.5819952273556309,0.07435842177902792
756,0.06682427975663506,0.9131388970560548,0.009762602116383752,0.010274221070926346
757,0.09558654943118487,0.0015865566081468623,0.03900474572957548,0.8638221482310927
758,0.28225313567691124,0.5115095034706074,0.17231048051565334,0.033926880336828065
759,0.7049307142515086,0.04819313829897953,0.17039127181479302,0.07648487563471897
760,0.6427991202201806,0.02977518748248709,0.10315249218427262,0.22427320011305968
761,0.530261225658934,0.07021904366486562,0.25009660464202255,0.1494231260341778
762,0.5717599357076758,0.15676270388835103,0.14647913593732992,0.12499822446664328
763,0.040231082338899965,0.00046538231329380976,0.030276079132667912,0.9290274562151384
764,0.2413476384024513,0.028655890241286893,0.5542143893405511,0.17578208201571066
765,0.02827095528031484,0.0024375979554677185,0.9551823551196427,0.014109091644574802
766,0.5053907430135709,0.20716396810113946,0.17508216045627134,0.1123631284290185
767,0.12933536022735312,0.00848059796037623,0.2982370298356168,0.5639470119766539
768,0.22426927692051035,0.10650733209174197,0.6363700443867077,0.03285334660103993
769,0.7300177877252811,0.15786342843435439,0.05215530843512049,0.059963475405244056
770,0.3109004165317022,0.5310033498819814,0.08776121800388668,0.07033501558242966
771,0.38015413565947537,0.5823764842615603,0.03587508965751046,0.0015942904214537273
772,0.33696008824223567,0.06010387553262814,0.1387520683554962,0.4641839678696401
773,0.5764066498904606,0.07512256583923761,0.25371204401190367,0.0947587402583981
774,0.6506733071049056,0.0409821828667592,0.18673900551076206,0.12160550451757306
775,0.4632237102532979,0.3452999353442471,0.0671963352791649,0.12428001912329015
776,0.4883634850555004,0.32374936168187557,0.10990649373798922,0.0779806595246348
777,0.2226320903776805,0.031006731389840565,0.611797240552717,0.13456393767976205
778,0.39100251628954064,0.042561659749581295,0.32268324311418,0.24375258084669818
779,0.7539898008241157,0.07032464841751963,0.05994716221773861,0.11573838854062611
780,0.8236929894970977,0.04652345700668043,0.06559208450948358,0.0641914689867383
781,0.26188898785233,0.6863562485318333,0.03407931371611884,0.017675449899717807
782,0.5754842103936489,0.1653287187512535,0.1856130414080719,0.07357402944702578
783,0.3657477474165152,0.008473489283034256,0.15244040149506455,0.47333836180538597
784,0.5389560919415114,0.09005351027878572,0.1976558090839386,0.17333458869576432
785,0.38590474836049315,0.006216753094728472,0.3419916990623794,0.2658867994823989
786,0.3176800870241675,0.07048138727952473,0.4723826154529441,0.13945591024336365
787,0.1815656851075878,0.7470046105936672,0.0177813602952404,0.05364834400350466
788,0.3343265640620541,0.10531669921363072,0.3755747378048486,0.18478199891946642
789,0.2662154642572884,0.019943749080096395,0.6219546086720034,0.09188617799061174
790,0.2768617289316619,0.016510364527973352,0.37627230673612333,0.33035559980424134
791,0.7827778558726223,0.1319114973161716,0.05011661880139751,0.03519402800980871
792,0.4072397524760859,0.052131865988237394,0.12091531553039687,0.4197130660052799
793,0.5288787171380233,0.07689261420538336,0.12862993842591816,0.26559873023067543
794,0.711204421844438,0.12231630725401682,0.08914496585052514,0.07733430505102012
795,0.5111186653083447,0.025247471182368073,0.12631158186738844,0.3373222816418987
796,0.07157008916548523,0.011738340870504895,0.8954038421610856,0.02128772780292433
797,0.4563942073414057,0.37159873875714733,0.03943569393302367,0.13257135996842334
798,0.6004887713166408,0.22689111120351388,0.11982090482275581,0.05279921265708945
799,0.509169656577455,0.28442393349289674,0.1718390012388289,0.03456740869081934
800,0.7953576450247882,0.07899750857112484,0.06563336070248553,0.06001148570160118
801,0.5375235165425923,0.13070504348283532,0.22987811528640398,0.1018933246881684
802,0.5056402577956083,0.11324853011689091,0.23962882594286877,0.14148238614463207
803,0.1008759580365795,0.016537442962549602,0.8233986157373602,0.05918798326351071
804,0.3934080261712605,0.033814792856212215,0.30057964209621485,0.27219753887631243
805,0.8239704744852121,0.0398725184324058,0.068104510133256,0.06805249694912605
806,0.6590159171343013,0.035964931671943666,0.15032461571116404,0.15469453548259107
807,0.2605533290155456,0.6273757178000383,0.06393186817501365,0.04813908500940256
808,0.49833870107026,0.07048042343202195,0.24461842905337733,0.18656244644434072
809,0.403642134848423,0.00824653051469946,0.22022276255502782,0.36788857208184966
810,0.7136687625534647,0.08182057490144165,0.1163521600198788,0.08815850252521494
811,0.7638833411602267,0.03571699783276687,0.05616621089217092,0.14423345011483546
812,0.5178432030086526,0.11615236138088993,0.19969863945454222,0.16630579615591515
813,0.38278002128996313,0.030744572104090075,0.1305754016197728,0.45590000498617406
814,0.2715715220655087,0.0026917910394986524,0.1936927716079372,0.5320439152870554
815,0.38799065557339896,0.2477727941358972,0.2803113758635339,0.08392517442717012
816,0.5990793196860376,0.15802042077340323,0.17591835247065576,0.06698190706990333
817,0.6363053855935565,0.010186503735260491,0.0831056480764382,0.27040246259474476
818,0.7908598415085581,0.09825984771988192,0.06329555340948582,0.04758475736207415
819,0.44232460349631325,0.12637276387326762,0.1500203822577043,0.28128225037271487
820,0.5183264621100174,0.09411769811389666,0.23031190017662875,0.15724393959945707
821,0.790972771473111,0.09761492300076471,0.05758738710084452,0.05382491842527975
822,0.5039962418980589,0.012897895868899844,0.24191296531789094,0.2411928969151504
823,0.3909209742297016,0.036906520618594243,0.23786422334116025,0.3343082818105439
824,0.45408331452853923,0.08254801877952025,0.1278251845143602,0.3355434821775803
825,0.10042936452751257,0.0021194357130435064,0.06682126616096526,0.8306299335984787
826,0.861235545045858,0.03401538025538616,0.03749534487685419,0.06725372982190166
827,0.6236930678450897,0.03905131120500157,0.11804271125104698,0.21921290969886173
828,0.7403895088120274,0.09939863359409372,0.09191032606484074,0.06830153152903812
829,0.7836979275948232,0.04956487313130871,0.06775559834207662,0.09898160093179163
830,0.7765810401236429,0.05551816530801265,0.0970399353586595,0.07086085920968506
831,0.43500347371922454,0.0536823869365868,0.12324463988123167,0.38806949946295705
832,0.5470783588124252,0.06440193570370897,0.09974802936530727,0.28877167611855853
833,0.3021132339557036,0.006513432803583384,0.31712587099262846,0.3742474622480845
834,0.6045433340685091,0.156148212965016,0.1170902382181247,0.12221821474835014
835,0.443170294127972,0.08087700870703231,0.334014261165371,0.14193843599962477
836,0.6848602453265508,0.07750431128506113,0.1463254474140968,0.09130999597429132
837,0.5200501385132694,0.08783827551306049,0.23966577185755075,0.1524458141161194
838,0.7300080587809418,0.08359629121795915,0.09575610816271009,0.09063954183838897
839,0.4180631245109648,0.17598344372124403,0.2533757995209437,0.1525776322468474
840,0.8379283432552167,0.03723239106403069,0.051268000690589385,0.0735712649901632
841,0.7641144200994701,0.11291955485623915,0.07541550252801234,0.047550522516278414
842,0.46083236208787043,0.05528321702639595,0.35430960899076636,0.12957481189496736
843,0.43873199300575233,0.3215143722480132,0.1409457299317425,0.09880790481449184
844,0.5271884523268578,0.013241200295248898,0.02564619072703062,0.43392415665086265
845,0.5442914399953684,0.1224879550834869,0.18800654651106735,0.14521405841007717
846,0.36851344771763667,0.008826441682680543,0.061994078684116355,0.5606660319155664
847,0.4233428551550074,0.013156959927850093,0.15379745665009076,0.40970272826705173
848,0.3277018088692695,0.3626175002650348,0.14003179269090815,0.16964889817478748
849,0.34205273590110347,0.5373740304189892,0.09472012840246144,0.025853105277445967
850,0.478713843441974,0.03390386109747184,0.25764914059467714,0.22973315486587711
851,0.016736642615439626,0.9817033719252023,0.0011277332774584628,0.00043225218189965457
852,0.37903331239705457,0.051731563090579955,0.4281985961227201,0.14103652838964542
853,0.6646572073143913,0.10359505902357743,0.08846260794227698,0.14328512571975427
854,0.8047538495608823,0.07809841782830333,0.052294597858381066,0.06485313475243339
855,0.435491702950664,0.09442445520261485,0.35577175657229754,0.11431208527442376
856,0.4007096211456107,0.008579170387621165,0.2368638519677557,0.35384735649901233
857,0.35232452335292486,0.024014504795655204,0.5459693991123806,0.07769157273903925
858,0.4878730571448324,0.027283893417325737,0.0675314904179259,0.41731155901991596
859,0.3777977419286056,0.02343472799443273,0.12346616143183596,0.47530136864512573
860,0.1488347522172967,0.015061190318792059,0.7826329892048873,0.053471068259023924
861,0.5767381692529576,0.04603251939741795,0.17514186353675207,0.20208744781287236
862,0.25359976862868516,0.011970008048217677,0.6392106737662224,0.0952195495568747
863,0.5339936655231392,0.09740264932548837,0.24806576861995902,0.12053791653141348
864,0.2853825735213817,0.04744194835085603,0.5479075425443942,0.11926793558336814
865,0.26830070623779195,0.09042290947037145,0.5785348692276641,0.06274151506417264
866,0.24479411667021095,0.005158795956673753,0.07898845988451655,0.6710586274885988
867,0.28251345098049685,0.5305062094681092,0.08725211534869713,0.09972822420269674
868,0.22064572689928455,0.04623904872543421,0.5678037557659991,0.1653114686092822
869,0.6671053791004425,0.1656162827684067,0.08145157751409046,0.08582676061706022
870,0.8854305656811756,0.034257697156921584,0.039406351218868985,0.040905385943034
871,0.28491381260910537,0.03599730375355473,0.5688242255000844,0.11026465813725558
872,0.5358853355058396,0.08303211915651698,0.1495761782195159,0.2315063671181274
873,0.29983137328617315,0.03650219330146602,0.1297197450495811,0.5339466883627798
874,0.5056505725964391,0.06002580161995095,0.3285924403178692,0.10573118546574074
875,0.35029843962027113,0.03672365938854737,0.5512672688416995,0.0617106321494821
876,0.8890677470962931,0.02411905797702971,0.04983907194616339,0.03697412298051391
877,0.3333372408682682,0.5295830006851812,0.057318454654448646,0.07976130379210193
878,0.4688915772576873,0.07329884823467868,0.18166643797825657,0.27614313652937744
879,0.10141068052766908,0.0037945720915678496,0.8595181581542558,0.03527658922650726
880,0.1740698771637018,0.023857914032788974,0.51988076075956,0.28219144804394924
881,0.44733935952467024,0.11724063327104038,0.25958333168427505,0.17583667552001442
882,0.5575467064302628,0.2999860535917146,0.10083383955777321,0.04163340042024931
883,0.6660846488465251,0.05201313651284325,0.16499638340487108,0.11690583123576052
884,0.5177700994088218,0.06635529525962137,0.21283424981607543,0.20304035551548127
885,0.4216218418630285,0.16247552612106841,0.31919618944748235,0.09670644256842076
886,0.8184096572130485,0.023659932623064785,0.027537763441166617,0.13039264672272013
887,0.37659344491282026,0.0173754085542763,0.17954130692089987,0.42648983961200354
888,0.38149004124995695,0.08245242207149078,0.11211633150061927,0.42394120517793304
889,0.3234150191485524,0.009282490968356101,0.12154993932559592,0.5457525505574955
890,0.7858577233715069,0.050695697271390124,0.07288865263701035,0.09055792672009255
891,0.5630715274914478,0.05710904173587655,0.1827216139509385,0.197097816821737
892,0.29259696952188674,0.05567585895029377,0.5177903971542831,0.13393677437353646
893,0.34099076579033155,0.0785095450600631,0.3736812044276891,0.20681848472191625
894,0.23533169975420917,0.029238235353253164,0.629069457020373,0.10636060787216477
895,0.37920189264258874,0.05284315250483311,0.16209795989732653,0.40585699495525174
896,0.834474347806091,0.024048714990372148,0.06517555044312295,0.07630138676041393
897,0.7659104256858309,0.14181875387726992,0.047066979111914764,0.04520384132498456
898,0.44111064435322217,0.061905387148473136,0.4111897650987201,0.08579420339958475
899,0.5552086769959926,0.31337194297163995,0.05996662579509424,0.07145275423727326
900,0.9476240450579869,0.00750506131657107,0.011675334408403579,0.033195559217038505
901,0.6110290617514197,0.032566218504115806,0.254823273842226,0.10158144590223864
902,0.6281960030275325,0.10954035366919895,0.11863856128572674,0.14362508201754162
903,0.4267636153939157,0.06137338096102157,0.37049715677642775,0.14136584686863496
904,0.6101827620706174,0.1521912500829755,0.14297649959673706,0.09464948824967011
905,0.12603836246540337,0.7874938355866312,0.03933553397870632,0.047132267969259165
906,0.4480174986211393,0.08490148197932433,0.327210733746737,0.13987028565279935
907,0.2738727145783924,0.020265701751229874,0.6118065706156062,0.09405501305477142
908,0.698905350989046,0.01315273245113063,0.10737632236041332,0.18056559419941
909,0.4408077450069649,0.3330098873974948,0.13217984302605518,0.09400252456948512
910,0.4176070541173718,0.039621514695705545,0.20621965023746042,0.3365517809494622
911,0.6272912295779379,0.09246105045846749,0.17374485203050877,0.106502867933086
912,0.7491903621053198,0.02061679178420491,0.03997663181731085,0.19021621429316452
913,0.6559392823548092,0.11602352134402946,0.15023130973147966,0.07780588656968175
914,0.3738473431134591,0.07442906671482008,0.435480489675852,0.1162431004958688
915,0.3027741504367782,0.12197170242513371,0.4794877578546501,0.09576638928343795
916,0.05271903892624792,0.007418344905813403,0.9074987022737493,0.03236391389418936
917,0.2796611629743086,0.47986990529561324,0.10432522591535563,0.1361437058147226
918,0.18174121687543926,0.02095069348540349,0.6938226698211748,0.10348541981798251
919,0.08424365900581571,0.8862090407326708,0.008787062963805187,0.020760237297708477
920,0.40695129869885305,0.370319231929961,0.11334395494610512,0.10938551442508082
921,0.6682593857207808,0.03541041285821761,0.06247952202604186,0.23385067939495952
922,0.7145834693288,0.10074973762328221,0.07891547018555811,0.10575132286235968
923,0.5412006309278959,0.025845748690793088,0.21927731555822988,0.21367630482308103
924,0.26187464393208476,0.005388473712856558,0.6593240605331826,0.07341282182187613
925,0.19922323845337161,0.023760269882103915,0.6866764131604547,0.09034007850406973
926,0.34597760115733467,0.08802517478898123,0.4755146582725175,0.0904825657811665
927,0.36622991778171987,0.23213848303402548,0.051860185846323015,0.34977141333793166
928,0.485259876785042,0.14041106316806773,0.10268517638559217,0.2716438836612981
929,0.32943324426985415,0.0070076465295538844,0.04449742256859734,0.6190616866319947
930,0.39425308742427545,0.4581536931375832,0.08123997818668333,0.06635324125145813
931,0.8070792361549058,0.051151473469647976,0.07646601457650151,0.06530327579894454
932,0.6824435169807402,0.06816386706635559,0.13143420536452605,0.11795841058837805
933,0.6597243093600175,0.22067312664258634,0.07132169068565164,0.04828087331174455
934,0.4130003470043156,0.055066943299344376,0.3555150900298195,0.17641761966652042
935,0.32282933048162393,0.543543286636256,0.1195034509497052,0.01412393193241477
936,0.8408494179807549,0.0769003223754876,0.03493544417595779,0.047314815467799684
937,0.2522958480775248,0.014746425784028959,0.6812830651633308,0.05167466097511526
938,0.8658667865097186,0.034460056356723986,0.06844125454580478,0.03123190258775269
939,0.44175437135591417,0.054146766172590274,0.310093567078258,0.19400529539323758
940,0.8135545079014681,0.06410746016125381,0.051777402672996214,0.07056062926428171
941,0.4935038075961587,0.06427622376432307,0.2692627807201258,0.17295718791939244
942,0.5512812630951177,0.11595032447499218,0.11662138674840333,0.21614702568148664
943,0.6082206712883649,0.11580330694747759,0.2086661579160202,0.06730986384813725
944,0.738519337772549,0.1837680769432912,0.028924316686251467,0.048788268597908316
945,0.46198430163006493,0.10094527132981289,0.29799734014290924,0.13907308689721282
946,0.7851298346226723,0.04269180347877436,0.05158645177905911,0.12059191011949429
947,0.49398910804084895,0.352552874307421,0.06181740706529799,0.09164061058643211
948,0.7477147097171053,0.055373809166524096,0.11638275916410766,0.08052872195226281
949,0.4767913064496173,0.07586183817626986,0.2649012596783253,0.1824455956957876
950,0.42096163700233646,0.12889370202736897,0.3455898408293592,0.10455482014093538
951,0.5752642766045946,0.21324979635174507,0.11761214448847188,0.09387378255518843
952,0.5038983886190467,0.06686350811561888,0.26149334759196224,0.16774475567337227
953,0.4717142693057934,0.05117032087976866,0.28402362898838107,0.19309178082605677
954,0.6566755856103207,0.12678722859475156,0.1270112304795929,0.08952595531533476
955,0.39617473542807596,0.03683522489571935,0.35621963412083896,0.2107704055553657
956,0.1063592201537116,0.007788711846852439,0.860725938865188,0.02512612913424794
957,0.5443011509735911,0.197435565688202,0.12313776876759636,0.13512551457061056
958,0.4796611065138569,0.051552881713916456,0.3297727617047082,0.13901325006751844
959,0.48611501760688147,0.11135126953607492,0.285299981794538,0.11723373106250552
960,0.42277714495263385,0.08683282574812526,0.28538476209645675,0.20500526720278414
961,0.39963736418987283,0.024437878940279423,0.16199023691870656,0.4139345199511411
962,0.7562027096649685,0.05804135017915465,0.09007037433575703,0.09568556582011979
963,0.575409863693658,0.1188857073926996,0.12740183015127693,0.17830259876236534
964,0.5555171055737417,0.03316883987411035,0.19358606219729912,0.2177279923548487
965,0.5115165531326193,0.14722763902155916,0.25473484260430224,0.0865209652415194
966,0.6262945868995362,0.06392791424809749,0.16894221968137255,0.14083527917099378
967,0.33719781703033114,0.031122453375158905,0.11676403707137117,0.5149156925231388
968,0.28667309862934925,0.019868034043394642,0.5336522086873592,0.15980665863989685
969,0.40141277186643815,0.47339161306095173,0.09325260858885653,0.03194300648375364
970,0.4000059931676113,0.014648748742877759,0.14478325004134607,0.44056200804816487
971,0.07298122877899191,0.8987616576192307,0.006247354008528561,0.02200975959324893
972,0.8042439078036056,0.08823561038134298,0.05407593880668101,0.05344454300837031
973,0.7707754076126181,0.05421350268018433,0.06910607037197726,0.10590501933522034
974,0.3753111781934732,0.49018401224506764,0.09172838290567308,0.042776426655786064
975,0.45371677427832074,0.0193800642192707,0.09628965977216246,0.4306135017302461
976,0.7173765376388336,0.029863536120402333,0.07781533700039521,0.17494458924036885
977,0.505952847205713,0.052276126854469834,0.12719919871472524,0.31457182722509197
978,0.7957977915169937,0.04379686247741488,0.0785161530074404,0.08188919299815094
979,0.22836854142694085,0.002854390528516337,0.7048280019265795,0.06394906611796347
980,0.6881038159043357,0.03482910529094575,0.05898079483493288,0.21808628396978577
981,0.4756960594739294,0.018276851610860734,0.0995042741984001,0.4065228147168096
982,0.4647299495673798,0.05269564681189535,0.2824522920041667,0.20012211161655824
983,0.665438393743412,0.2810043768589209,0.027329967690463516,0.026227261707203645
984,0.7986038083688384,0.022318031579703787,0.058711530812278645,0.12036662923917922
985,0.417491396132666,0.02296543482470718,0.14745301602461938,0.41209015301800744
986,0.002736215788411002,0.9968513862681498,0.00013929690049327805,0.00027310104294599207
987,0.18023383306597957,0.03680907252580188,0.6794017229954417,0.10355537141277688
988,0.11905755072405902,0.01961785688530089,0.7920330473093861,0.0692915450812541
989,0.7656656437756469,0.05667981034833011,0.12743274235031524,0.05022180352570764
990,0.22962135489149638,0.005659831858330766,0.1214130277678637,0.6433057854823093
991,0.682067585831098,0.03140571529565619,0.06911397226311321,0.21741272661013245
992,0.8744321467886547,0.06130449632516812,0.032349511070337185,0.03191384581584019
993,0.05424432168224486,0.9309280091277853,0.007957133460283582,0.0068705357296862495
994,0.6424110654428432,0.054892532553644846,0.11445424904659963,0.1882421529569123
995,0.5946559559975825,0.12265440290967189,0.16330454226483854,0.11938509882790715
996,0.33687821792760597,0.06114240245997045,0.4294230206441542,0.17255635896826943
997,0.07046096709420084,0.908024324554058,0.014062725271984577,0.007451983079756521
998,0.5451203532671104,0.11744615480191418,0.2617083660467721,0.07572512588420342
999,0.5967426003014771,0.14993414733103655,0.141816654861832,0.11150659750565443
